POS, techlemma and C/U mark changed in Achatinidae_;L_,t A → Achatinidae_;U N
POS, techlemma and C/U mark changed in Acinonychinae_;L_,t A → Acinonychinae_;U N
POS, techlemma and C/U mark changed in Acipenseridae_;L_,t A → Acipenseridae_;U N
POS, techlemma and C/U mark changed in Actinidiaceae_;L_,t A → Actinidiaceae_;U N
POS, techlemma and C/U mark changed in Actinoceratoidea_;L_,t A → Actinoceratoidea_;U N
POS, techlemma and C/U mark changed in Actinomycetaceae_;L_,t A → Actinomycetaceae_;U N
POS, techlemma and C/U mark changed in Actinopterygii_;L_,t A → Actinopterygii_;U N
POS, techlemma and C/U mark changed in Agamidae_;L_,t A → Agamidae_;U N
POS, techlemma and C/U mark changed in Agaricaceae_;L_,t A → Agaricaceae_;U N
POS, techlemma and C/U mark changed in Agavaceae_;L_,t A → Agavaceae_;U N
POS, techlemma and C/U mark changed in Agricaceae_;L_,t A → Agricaceae_;U N
POS changed in Aix_;G A → Aix_;G N
POS, techlemma and C/U mark changed in Aizoaceae_;L_,t A → Aizoaceae_;U N
POS, techlemma and C/U mark changed in Alismataceae_;L_,t A → Alismataceae_;U N
POS, techlemma and C/U mark changed in Alligatoriidae_;L_,t A → Alligatoriidae_;U N
POS, techlemma and C/U mark changed in Amanitaceae_;L_,t A → Amanitaceae_;U N
POS, techlemma and C/U mark changed in Ambystomatidae_;L_,t A → Ambystomatidae_;U N
POS, techlemma and C/U mark changed in Ameiuridae_;L_,t A → Ameiuridae_;U N
POS, techlemma and C/U mark changed in Amhisbaenidae_;L_,t A → Amhisbaenidae_;U N
POS, techlemma and C/U mark changed in Amphisbaenidae_;L_,t A → Amphisbaenidae_;U N
POS, techlemma and C/U mark changed in Ampullariidae_;L_,t A → Ampullariidae_;U N
POS, techlemma and C/U mark changed in Anabantidae_;L_,t A → Anabantidae_;U N
POS, techlemma and C/U mark changed in Anaplasmatidae_;L_,t A → Anaplasmatidae_;U N
POS, techlemma and C/U mark changed in Anatidae_;L_,t A → Anatidae_;U N
POS, techlemma and C/U mark changed in Angiospermae_;L_,t A → Angiospermae_;U N
POS, techlemma and C/U mark changed in Anguillidae_;L_,t A → Anguillidae_;U N
POS, techlemma and C/U mark changed in Anguilliformes_;L_,t A → Anguilliformes_;U N
POS, techlemma and C/U mark changed in Anhimidae_;L_,t A → Anhimidae_;U N
POS, techlemma and C/U mark changed in Anhingidae_;L_,t A → Anhingidae_;U N
POS, techlemma and C/U mark changed in Anseriformes_;L_,t A → Anseriformes_;U N
POS, techlemma and C/U mark changed in Antilocaprinae_;L_,t A → Antilocaprinae_;U N
POS, techlemma and C/U mark changed in Aphelinidae_;L_,t A → Aphelinidae_;U N
POS, techlemma and C/U mark changed in Apiales_;L_,t A → Apiales_;U N
POS, techlemma and C/U mark changed in Araceae_;L_,t A → Araceae_;U N
POS, techlemma and C/U mark changed in Arales_;L_,t A → Arales_;U N
POS, techlemma and C/U mark changed in Araliaceae_;L_,t A → Araliaceae_;U N
POS, techlemma and C/U mark changed in Arecaceae_;L_,t A → Arecaceae_;U N
POS, techlemma and C/U mark changed in Armeria_;L_,t A → Armeria_;U N
POS, techlemma and C/U mark changed in Asteraceae_;L_,t A → Asteraceae_;U N
POS changed in Atí_;Y A → Atí_;Y N
POS, techlemma and C/U mark changed in Bartoňský A → Bartoňský_;Y N
POS, techlemma and C/U mark changed in Basidiomycetes_;L_,t A → Basidiomycetes_;U N
POS, techlemma and C/U mark changed in Bekh_;S_^(Bekh-Nazarjan) A → Bekh_;Y_^(Bekh-Nazarjan) N
POS, techlemma and C/U mark changed in Beverly_;G A → Beverly-2_;G N
POS, techlemma and C/U mark changed in Bohemica_,t A → Bohemica-1 N
POS, techlemma and C/U mark changed in Bombacaceae_;L_,t A → Bombacaceae_;U N
POS, techlemma and C/U mark changed in Boynton_;G_,t_^(v_názvu_Boynton_Beach) A → Boynton-1_;Y N
POS, techlemma and C/U mark changed in Brassac_;G_,t_^(součást_názvu_Brassac-les-Mines) A → Brassac_;G_^(součást_názvu_Brassac-les-Mines) N
POS, techlemma and C/U mark changed in Bratroňský A → Bratroňský_;Y N
POS, techlemma and C/U mark changed in Břehovský_;S A → Břehovský_;Y N
POS, techlemma and C/U mark changed in Cactaceae_;L_,t A → Cactaceae_;U N
POS, techlemma and C/U mark changed in Caesalpiniaceae_;L_,t A → Caesalpiniaceae_;U N
POS, techlemma and C/U mark changed in Camelidae_;L_,t A → Camelidae_;U N
POS, techlemma and C/U mark changed in Caprifoliaceae_;L_,t A → Caprifoliaceae_;U N
POS, techlemma and C/U mark changed in Caryophyllaceae_;L_,t A → Caryophyllaceae_;U N
POS changed in Castelnau_;G_^(v_názvu_Castelnau-de-Médoc) A → Castelnau_;G_^(v_názvu_Castelnau-de-Médoc) N
POS, techlemma and C/U mark changed in Caudata_;L_,t A → Caudata_;U N
POS, techlemma and C/U mark changed in Caviidae_;L_,t A → Caviidae_;U N
POS, techlemma and C/U mark changed in Ceboidea_;L_,t A → Ceboidea_;U N
POS, techlemma and C/U mark changed in Cecidomyidae_;L_,t A → Cecidomyidae_;U N
POS, techlemma and C/U mark changed in Celastraceae_;L_,t A → Celastraceae_;U N
POS, techlemma and C/U mark changed in Centrarchidae_;L_,t A → Centrarchidae_;U N
POS, techlemma and C/U mark changed in Cephalochordata_;L_,t A → Cephalochordata_;U N
POS, techlemma and C/U mark changed in Cephalophinae_;L_,t A → Cephalophinae_;U N
POS, techlemma and C/U mark changed in Cephalotaxaceae_;L_,t A → Cephalotaxaceae_;U N
POS, techlemma and C/U mark changed in Cephenomyinae_;L_,t A → Cephenomyinae_;U N
POS, techlemma and C/U mark changed in Cerambycidae_;L_,t A → Cerambycidae_;U N
POS, techlemma and C/U mark changed in Cercidiphyllaceae_;L_,t A → Cercidiphyllaceae_;U N
POS, techlemma and C/U mark changed in Cercopidae_;L_,t A → Cercopidae_;U N
POS, techlemma and C/U mark changed in Cerionidae_;L_,t A → Cerionidae_;U N
POS, techlemma and C/U mark changed in Cervidae_;L_,t A → Cervidae_;U N
POS, techlemma and C/U mark changed in Channidae_;L_,t A → Channidae_;U N
POS, techlemma and C/U mark changed in Characidae_;L_,t A → Characidae_;U N
POS, techlemma and C/U mark changed in Chenopodiaceae_;L_,t A → Chenopodiaceae_;U N
POS, techlemma and C/U mark changed in Chenopodiales_;L_,t A → Chenopodiales_;U N
POS, techlemma and C/U mark changed in Chermesidae_;L_,t A → Chermesidae_;U N
POS, techlemma and C/U mark changed in Chloromonadophyceae_;L_,t A → Chloromonadophyceae_;U N
POS, techlemma and C/U mark changed in Chondrostei_;L_,t A → Chondrostei_;U N
POS, techlemma and C/U mark changed in Chordopoxvirinae_;L_,t A → Chordopoxvirinae_;U N
POS, techlemma and C/U mark changed in Choson_;G_,t A → Choson_;G N
POS, techlemma and C/U mark changed in Cichlidae-2_;L_,t A → Cichlidae_;U N
POS, techlemma and C/U mark changed in Cichoriaceae_;L_,t A → Cichoriaceae_;U N
POS, techlemma and C/U mark changed in Cistaceae_;L_,t A → Cistaceae_;U N
POS, techlemma and C/U mark changed in Clam_;S A → Clam_;Y N
POS, techlemma and C/U mark changed in Clupeidae_;L_,t A → Clupeidae_;U N
POS, techlemma and C/U mark changed in Clusiaceae_;L_,t A → Clusiaceae_;U N
POS, techlemma and C/U mark changed in Cobitidae_;L_,t A → Cobitidae_;U N
POS, techlemma and C/U mark changed in Cornwallis_;G_,t_^(pouze_v_názvu_Cornwallis_Island) A → Cornwallis-1_;Y N
POS, techlemma and C/U mark changed in Cotswold_;G_,t_^(Cotswold_Hills) A → Cotswold-1_;G N
POS, techlemma and C/U mark changed in Coulee_;G_,t_^(v_názvu_Coulee_City) A → Coulee-1_;G N
POS, techlemma and C/U mark changed in Cucurbitaceae_;L_,t A → Cucurbitaceae_;U N
POS, techlemma and C/U mark changed in Culicidae_;L_,t A → Culicidae_;U N
POS, techlemma and C/U mark changed in Cupressaceae_;L_,t A → Cupressaceae_;U N
POS, techlemma and C/U mark changed in Cupressales_;L_,t A → Cupressales_;U N
POS, techlemma and C/U mark changed in Cycadaceae_;L_,t A → Cycadaceae_;U N
POS, techlemma and C/U mark changed in Cyperaceae_;L_,t A → Cyperaceae_;U N
POS, techlemma and C/U mark changed in Cyprinidae_;L_,t A → Cyprinidae_;U N
POS, techlemma and C/U mark changed in Daily-1_;K_,t_^(souč._názvů,_např._D._Telegraph) A → Daily-1_;Y N
POS changed in Darjačaje_;G_^(Darjačaje-Namak) A → Darjačaje_;G_^(Darjačaje-Namak) N
POS, techlemma and C/U mark changed in Dei_;S_^(Dei-Anang) A → Dei_;Y_^(Dei-Anang) N
POS, techlemma and C/U mark changed in Dobzhanský_;S A → Dobzhanský_;Y N
POS, techlemma and C/U mark changed in Dresdner_;K_,t_^(měm.,_v_názvech) A → Dresdner_;m N
POS, techlemma and C/U mark changed in Frankfurter_;K_,t_^(př._noviny) A → Frankfurter-2_;Y N
POS changed in Hajdú_;G_^(Hajdú-Bihar) A → Hajdú_;G_^(Hajdú-Bihar) N
POS changed in Hobzí_;G A → Hobzí_;G N
POS changed in Horobágy_;G_^(Horobágy-Puszta) A → Horobágy_;G_^(Horobágy-Puszta) N
POS, techlemma and C/U mark changed in Hurný_;S A → Hurný_;Y N
POS, techlemma and C/U mark changed in Jamný_;G A → Jamný-2_;G N
POS, techlemma and C/U mark changed in jansky_^(*1ý) D → jansky_^(jednotka_hustoty_světelného_toku) N
POS, techlemma and C/U mark changed in Jastrzebie_;G_^(pouze_v_názvu_Jastrzebie-Zdrój) A → Jastrzebie_;G N
POS changed in Joškar_;G_^(Joškar-Ola) A → Joškar_;G_^(Joškar-Ola) N
POS, techlemma and C/U mark changed in Kabardino_;G_^(Kabardino-Balkarskaja_respublika) A → Kabardino N
POS, techlemma and C/U mark changed in Karin_;S_^(Karin-Knechtsberger) A → Karin-1_;Y N
POS, techlemma and C/U mark changed in Kchuang_;S_^(Kchuang-jin) A → Kchuang_;Y_^(Kchuang-jin) N
POS, techlemma and C/U mark changed in Klux_;K_,t_^(Ku-Klux-Klan) A → Klux_;m_^(Ku-Klux-Klan) N
POS, techlemma and C/U mark changed in Komi_;E_^(Komi-Permjak) A → Komi-1_;G N
POS, techlemma and C/U mark changed in Kovalevský_;S A → Kovalevský_;Y N
POS, techlemma and C/U mark changed in Kraszinský_;S A → Kraszinský_;Y N
POS changed in Káraný_;G A → Káraný_;G N
POS, techlemma and C/U mark changed in Kínam_;S_^(Saggil-Kínam-Ubbib) A → Kínam_;Y_^(Saggil-Kínam-Ubbib) N
POS, techlemma and C/U mark changed in Lauri_;S_^(Lauri-Volpi) A → Lauri_;Y_^(Lauri-Volpi) N
POS, techlemma and C/U mark changed in Lugné_;S_^(Lugné-Poe) A → Lugné_;Y_^(Lugné-Poe) N
POS, techlemma and C/U mark changed in Melikh_;S_^(Melikh-Avagjana) A → Melikh_;Y_^(Melikh-Avagjana) N
POS, techlemma and C/U mark changed in Merleau-1_;S_^(Maurice_Merleau-Ponty) A → Merleau_;Y_^(Maurice_Merleau-Ponty) N
POS, techlemma and C/U mark changed in National-1_;K_,t_^(souč._názvů,_např._N._Semiconductor) A → National_;m N
POS, techlemma and C/U mark changed in Pearl_;G_,t_^(Pearl_Harbor) A → Pearl-3_;Y N
POS changed in Pereslavl_;G_^(jen_v_názvu_Pereslavl-Zalesskij) A → Pereslavl_;G_^(jen_v_názvu_Pereslavl-Zalesskij) N
POS, techlemma and C/U mark changed in Podmalovský_;S A → Podmalovský_;Y N
POS, techlemma and C/U mark changed in Poustecký_;S A → Poustecký_;Y N
POS, techlemma and C/U mark changed in Puchovský_;S A → Puchovský_;Y N
POS, techlemma and C/U mark changed in Příchovský_;S A → Příchovský_;Y N
POS, techlemma and C/U mark changed in Půhonný_;S A → Půhonný_;Y N
POS, techlemma and C/U mark changed in Půhoný_;S A → Půhoný_;Y N
POS, techlemma and C/U mark changed in Ruanda-1_;G_^(Ruanda-Urundi) A → Ruanda_;G_,s_^(^DD**Rwanda) N
POS, techlemma and C/U mark changed in Ružinský_;S A → Ružinský_;Y N
POS, techlemma and C/U mark changed in Rím_;S_^(Rím-Sín) A → Rím_;Y_^(Rím-Sín) N
POS, techlemma and C/U mark changed in Sassou_;S_^(Sassou-Nguesso) A → Sassou_;Y_^(Sassou-Nguesso) N
POS changed in Schouwen_;G_^(Schouwen-Duiveland) A → Schouwen_;G_^(Schouwen-Duiveland) N
POS, techlemma and C/U mark changed in Seagram_;G_,t_^(Seragram_Building) A → Seagram_;m N
POS, techlemma and C/U mark changed in Skórzewský_;S A → Skórzewský_;Y N
POS, techlemma and C/U mark changed in Solutré_;G_^(Solutré-Pouilly) A → Solutré_;G N
POS, techlemma and C/U mark changed in Suchovo_;S_^(Suchovo-Kobylin_Alexandr_Vasilijevič) A → Suchovo_;Y_^(Suchovo-Kobylin_Alexandr_Vasilijevič) N
POS, techlemma and C/U mark changed in Super-1_;R_^(druh_benzínu) A → Super-1_;m N
POS, techlemma and C/U mark changed in Ternovský_;S A → Ternovský_;Y N
POS, techlemma and C/U mark changed in Toulouse-1_;S_^(Toulouse-Lautrec) A → Toulouse-2_;Y N
POS, techlemma and C/U mark changed in Trebevič_;G_,t_^(Trebevič_nacionalni_park) A → Trebevič_;G N
POS, techlemma and C/U mark changed in Tukultí_;S_^(Tukultí-Ninurta) A → Tukultí_;Y_^(Tukultí-Ninurta) N
POS, techlemma and C/U mark changed in Vike_;S_^(Vike-Freibergová) A → Vike_;Y_^(Vike-Freibergová) N
POS, techlemma and C/U mark changed in Viollet_;S_^(Viollet-le-Duc) A → Viollet_;Y_^(Viollet-le-Duc) N
POS, techlemma and C/U mark changed in Vlčnovský-1_;S A → Vlčnovský_;Y N
POS, techlemma and C/U mark changed in Vojcechovský_;S A → Vojcechovský_;Y N
POS, techlemma and C/U mark changed in Vávrovský_;S A → Vávrovský_;Y N
POS, techlemma and C/U mark changed in Wronský_;S A → Wronský_;Y N
POS changed in Zarámí_;G A → Zarámí_;G N
POS, techlemma and C/U mark changed in Zavadský_;S A → Zavadský_;Y N
POS, techlemma and C/U mark changed in Zdrůbecký_;S A → Zdrůbecký_;Y N
POS, techlemma and C/U mark changed in Zágorský_;S A → Zágorský_;Y N
POS changed in Zákraví_;G A → Zákraví_;G N
POS, techlemma and C/U mark changed in acer_;L_,t A → acer N
POS, techlemma and C/U mark changed in acetosella_;L_,t A → acetosella N
POS, techlemma and C/U mark changed in acidocaldarius_;L_,t A → acidocaldarius N
POS, techlemma and C/U mark changed in acidophilus_;L_,t A → acidophilus N
POS, techlemma and C/U mark changed in aconitifolius_;L_,t A → aconitifolius N
POS, techlemma and C/U mark changed in acremonium_;L_,t A → acremonium N
POS, techlemma and C/U mark changed in aculeata_;L_,t A → aculeata N
POS, techlemma and C/U mark changed in aculeatus_;L_,t A → aculeatus N
POS, techlemma and C/U mark changed in acus_;L_,t A → acus N
POS, techlemma and C/U mark changed in acutangula_;L_,t A → acutangula N
POS, techlemma and C/U mark changed in adustus_;L_,t A → adustus N
POS, techlemma and C/U mark changed in aedilis_;L_,t A → aedilis N
POS, techlemma and C/U mark changed in aegerita_;L_,t A → aegerita N
POS, techlemma and C/U mark changed in aeglefinus_;L_,t A → aeglefinus N
POS, techlemma and C/U mark changed in aegypti_;L_,t A → aegypti N
POS, techlemma and C/U mark changed in aegyptiacus_;L_,t A → aegyptiacus N
POS, techlemma and C/U mark changed in aegypticus_;L_,t A → aegypticus N
POS, techlemma and C/U mark changed in aeneus_;L_,t A → aeneus N
POS, techlemma and C/U mark changed in africana_;L_,t A → africana N
POS, techlemma and C/U mark changed in africanus_,t A → africanus N
POS, techlemma and C/U mark changed in afzeliana_;L_,t A → afzeliana N
POS, techlemma and C/U mark changed in agilis_;L_,t A → agilis N
POS, techlemma and C/U mark changed in agrarius_;L_,t A → agrarius N
POS, techlemma and C/U mark changed in agreste_;L_,t A → agreste N
POS, techlemma and C/U mark changed in agrestis_;L_,t A → agrestis N
POS, techlemma and C/U mark changed in alatus_;L_,t A → alatus N
POS, techlemma and C/U mark changed in albicans_;L_,t A → albicans N
POS, techlemma and C/U mark changed in albicilla_;L_,t A → albicilla N
POS, techlemma and C/U mark changed in albicollis_;L_,t A → albicollis N
POS, techlemma and C/U mark changed in albiflorus_;L_,t A → albiflorus N
POS, techlemma and C/U mark changed in albipinnatus_;L_,t A → albipinnatus N
POS, techlemma and C/U mark changed in alboniger_;L_,t A → alboniger N
POS, techlemma and C/U mark changed in alburnus-1_;L_,t A → alburnus N
POS, techlemma and C/U mark changed in alces-1_;L_,t A → alces N
POS, techlemma and C/U mark changed in alchata_;L_,t A → alchata N
POS, techlemma and C/U mark changed in alectorolophus_;L_,t A → alectorolophus N
POS, techlemma and C/U mark changed in alkekengi_;L_,t A → alkekengi N
POS, techlemma and C/U mark changed in allariae_;L_,t A → allariae N
POS, techlemma and C/U mark changed in alnus_;L_,t A → alnus N
POS, techlemma and C/U mark changed in alpestris_;L_,t A → alpestris N
POS, techlemma and C/U mark changed in alphitoides_;L_,t A → alphitoides N
POS, techlemma and C/U mark changed in alpinus_;L_,t A → alpinus N
POS, techlemma and C/U mark changed in altaica_;L_,t A → altaica N
POS, techlemma and C/U mark changed in alternifolia_;L_,t A → alternifolia N
POS, techlemma and C/U mark changed in altilis_;L_,t A → altilis N
POS, techlemma and C/U mark changed in alveolaris_;L_,t A → alveolaris N
POS, techlemma and C/U mark changed in alyssoides_;L_,t A → alyssoides N
POS, techlemma and C/U mark changed in ameiva-2_;L_,t A → ameiva N
POS, techlemma and C/U mark changed in americanus_;L_,t A → americanus N
POS, techlemma and C/U mark changed in ammon-1_;L_,t A → ammon N
POS, techlemma and C/U mark changed in amoyensis_;L_,t A → amoyensis N
POS, techlemma and C/U mark changed in amphibius_;L_,t A → amphibius N
POS, techlemma and C/U mark changed in amygdali_;L_,t A → amygdali N
POS, techlemma and C/U mark changed in amygdalina_;L_,t A → amygdalina N
POS, techlemma and C/U mark changed in amygdalus_;L_,t A → amygdalus N
POS changed in amyl A → amyl N
POS, techlemma and C/U mark changed in amylovora_;L_,t A → amylovora N
POS, techlemma and C/U mark changed in ananassa_;L_,t A → ananassa N
POS, techlemma and C/U mark changed in anatinus_;L_,t A → anatinus N
POS, techlemma and C/U mark changed in ancestrale_;L_,t A → ancestrale N
POS, techlemma and C/U mark changed in andicola_;L_,t A → andicola N
POS, techlemma and C/U mark changed in andreanum_;L_,t A → andreanum N
POS, techlemma and C/U mark changed in anemones_;L_,t A → anemones N
POS, techlemma and C/U mark changed in anglica_;L_,t A → anglica N
POS, techlemma and C/U mark changed in anguilla-2_;L_,t A → anguilla-2 N
POS, techlemma and C/U mark changed in anguineus_;L_,t A → anguineus N
POS, techlemma and C/U mark changed in anguria_;L_,t A → anguria N
POS, techlemma and C/U mark changed in angustifolius_;L_,t A → angustifolius N
POS, techlemma and C/U mark changed in anisatum_;L_,t A → anisatum N
POS, techlemma and C/U mark changed in annotinum_;L_,t A → annotinum N
POS, techlemma and C/U mark changed in anserina_;L_,t A → anserina N
POS, techlemma and C/U mark changed in antipyretica_;L_,t A → antipyretica N
POS, techlemma and C/U mark changed in apella_;L_,t A → apella N
POS, techlemma and C/U mark changed in apexfulva_;L_,t A → apexfulva N
POS, techlemma and C/U mark changed in aphylla_;L_,t A → aphylla N
POS, techlemma and C/U mark changed in apiaster_;L_,t A → apiaster N
POS, techlemma and C/U mark changed in apiformis_;L_,t A → apiformis N
POS, techlemma and C/U mark changed in apis-2_;L_,t A → apis N
POS, techlemma and C/U mark changed in apivorus_;L_,t A → apivorus N
POS, techlemma and C/U mark changed in apoda_;L_,t A → apoda N
POS, techlemma and C/U mark changed in apollo_;L_,t A → apollo N
POS, techlemma and C/U mark changed in apterus_;L_,t A → apterus N
POS, techlemma and C/U mark changed in apus-2_;L_,t A → apus N
POS, techlemma and C/U mark changed in aquaticus_;L_,t A → aquaticus N
POS, techlemma and C/U mark changed in aquilinum_;L_,t A → aquilinum N
POS, techlemma and C/U mark changed in arabica_;L_,t A → arabica N
POS, techlemma and C/U mark changed in araneus_;L_,t A → araneus N
POS, techlemma and C/U mark changed in aratus_;L_,t A → aratus N
POS, techlemma and C/U mark changed in araucana_;L_,t A → araucana N
POS, techlemma and C/U mark changed in araucaria-2_;L_,t A → araucaria-2 N
POS, techlemma and C/U mark changed in arborea_;L_,t A → arborea N
POS, techlemma and C/U mark changed in arctica_;L_,t A → arctica N
POS, techlemma and C/U mark changed in arctos_;L_,t A → arctos N
POS, techlemma and C/U mark changed in argemone_;L_,t A → argemone N
POS, techlemma and C/U mark changed in argentatus_;L_,t A → argentatus N
POS, techlemma and C/U mark changed in argentea_;L_,t A → argentea N
POS, techlemma and C/U mark changed in argenteum_;L_,t A → argenteum N
POS, techlemma and C/U mark changed in argo_;L_,t A → argo N
POS, techlemma and C/U mark changed in arguta_;L_,t A → arguta N
POS, techlemma and C/U mark changed in aria_;L_,t A → aria N
POS, techlemma and C/U mark changed in arnee_;L_,t A → arnee N
POS, techlemma and C/U mark changed in aromaticum_;L_,t A → aromaticum N
POS, techlemma and C/U mark changed in aromaticus_;L_,t A → aromaticus N
POS, techlemma and C/U mark changed in artemisiifolia_;L_,t A → artemisiifolia N
POS, techlemma and C/U mark changed in arundinaceus_;L_,t A → arundinaceus N
POS, techlemma and C/U mark changed in arvalis_;L_,t A → arvalis N
POS, techlemma and C/U mark changed in arvensis_,t A → arvensis N
POS, techlemma and C/U mark changed in ascalonicum_;L_,t A → ascalonicum N
POS, techlemma and C/U mark changed in asellatus_;L_,t A → asellatus N
POS, techlemma and C/U mark changed in asini_;L_,t A → asini N
POS, techlemma and C/U mark changed in asinus_;L_,t A → asinus N
POS, techlemma and C/U mark changed in asper_;L_,t A → asper N
POS, techlemma and C/U mark changed in aspius-2_;L_,t A → aspius N
POS, techlemma and C/U mark changed in astacus-2_;L_,t A → astacus-2 N
POS, techlemma and C/U mark changed in astreiformis_;L_,t A → astreiformis N
POS, techlemma and C/U mark changed in astutus_;L_,t A → astutus N
POS, techlemma and C/U mark changed in atalanta_;L_,t A → atalanta N
POS, techlemma and C/U mark changed in ater_;L_,t A → ater N
POS, techlemma and C/U mark changed in atlantica_;L_,t A → atlantica N
POS, techlemma and C/U mark changed in atlanticum_;L_,t A → atlanticum N
POS, techlemma and C/U mark changed in atra_;L_,t A → atra N
POS, techlemma and C/U mark changed in atramentarius_;L_,t A → atramentarius N
POS, techlemma and C/U mark changed in atricapilla_;L_,t A → atricapilla N
POS, techlemma and C/U mark changed in atropos_;L_,t A → atropos N
POS, techlemma and C/U mark changed in aucuparia_;L_,t A → aucuparia N
POS, techlemma and C/U mark changed in aurantium_;L_,t A → aurantium N
POS, techlemma and C/U mark changed in aurata_;L_,t A → aurata N
POS, techlemma and C/U mark changed in aureum_;L_,t A → aureum N
POS, techlemma and C/U mark changed in auricularia_;L_,t A → auricularia N
POS, techlemma and C/U mark changed in aurita_;L_,t A → aurita N
POS, techlemma and C/U mark changed in aurotaenia_;L_,t A → aurotaenia N
POS, techlemma and C/U mark changed in austera_;L_,t A → austera N
POS, techlemma and C/U mark changed in austriaca_;L_,t A → austriaca N
POS, techlemma and C/U mark changed in austriacum_;L_,t A → austriacum N
POS, techlemma and C/U mark changed in autumnale_;L_,t A → autumnale N
POS, techlemma and C/U mark changed in autumnalis_;L_,t A → autumnalis N
POS, techlemma and C/U mark changed in avellana_;L_,t A → avellana N
POS, techlemma and C/U mark changed in avellanarius_;L_,t A → avellanarius N
POS, techlemma and C/U mark changed in avicularia-2_;L_,t A → avicularia-2 N
POS, techlemma and C/U mark changed in axis-2_;L_,t A → axis-2_^(jelen,_Axis_axis) N
POS, techlemma and C/U mark changed in baccata_;L_,t A → baccata N
POS, techlemma and C/U mark changed in bactrianus_;L_,t A → bactrianus N
POS, techlemma and C/U mark changed in bairdii_;L_,t A → bairdii N
POS, techlemma and C/U mark changed in balanse_;L_,t A → balanse N
POS, techlemma and C/U mark changed in balica_;L_,t A → balica N
POS, techlemma and C/U mark changed in ballerus_;L_,t A → ballerus N
POS, techlemma and C/U mark changed in balneo A → balneo-2 N
POS, techlemma and C/U mark changed in balsamifera_;L_,t A → balsamifera N
POS, techlemma and C/U mark changed in balsamina_;L_,t A → balsamina N
POS, techlemma and C/U mark changed in balsamita_;L_,t A → balsamita N
POS, techlemma and C/U mark changed in bambolii_;L_,t A → bambolii N
POS, techlemma and C/U mark changed in bancrofti_;L_,t A → bancrofti N
POS, techlemma and C/U mark changed in bankiva_;L_,t A → bankiva N
POS, techlemma and C/U mark changed in banksiana_;L_,t A → banksiana N
POS, techlemma and C/U mark changed in barbaraeifolius_;L_,t A → barbaraeifolius N
POS, techlemma and C/U mark changed in barbata_;L_,t A → barbata N
POS, techlemma and C/U mark changed in barbatus_;L_,t A → barbatus N
POS, techlemma and C/U mark changed in barbus-2_;L_,t A → barbus-2 N
POS, techlemma and C/U mark changed in barracuda_;L_,t A → barracuda N
POS, techlemma and C/U mark changed in basilicum_;L_,t A → basilicum N
POS changed in basiliánský N → basiliánský A
POS, techlemma and C/U mark changed in bassana_;L_,t A → bassana N
POS, techlemma and C/U mark changed in bassanus_;L_,t A → bassanus N
POS, techlemma and C/U mark changed in batatas_;L_,t A → batatas N
POS, techlemma and C/U mark changed in batesi_;L_,t A → batesi N
POS, techlemma and C/U mark changed in baudotii_;L_,t A → baudotii N
POS, techlemma and C/U mark changed in beisa_;L_,t A → beisa N
POS, techlemma and C/U mark changed in belladonna_;L_,t A → belladonna N
POS, techlemma and C/U mark changed in belone-2_;L_,t A → belone N
POS, techlemma and C/U mark changed in benedictus_;L_,t A → benedictus N
POS, techlemma and C/U mark changed in benghalensis_;L_,t A → benghalensis N
POS, techlemma and C/U mark changed in bergamia_;L_,t A → bergamia N
POS, techlemma and C/U mark changed in betacea_;L_,t A → betacea N
POS, techlemma and C/U mark changed in betae_;L_,t A → betae N
POS, techlemma and C/U mark changed in betulina_;L_,t A → betulina N
POS, techlemma and C/U mark changed in betulus_;L_,t A → betulus N
POS, techlemma and C/U mark changed in bichir-2_;L_,t A → bichir-2 N
POS, techlemma and C/U mark changed in bicornis_;L_,t A → bicornis N
POS, techlemma and C/U mark changed in biennis_;L_,t A → biennis N
POS, techlemma and C/U mark changed in bifermentans_;L_,t A → bifermentans N
POS, techlemma and C/U mark changed in bifida_;L_,t A → bifida N
POS, techlemma and C/U mark changed in bignonioides_;L_,t A → bignonioides N
POS, techlemma and C/U mark changed in biloba_;L_,t A → biloba N
POS, techlemma and C/U mark changed in bipunctatus_;L_,t A → bipunctatus N
POS, techlemma and C/U mark changed in bisselliella_;L_,t A → bisselliella N
POS, techlemma and C/U mark changed in bjoerkna_;L_,t A → bjoerkna N
POS, techlemma and C/U mark changed in blacki_;L_,t A → blacki N
POS, techlemma and C/U mark changed in blumei_;L_,t A → blumei N
POS, techlemma and C/U mark changed in boisei_;L_,t A → boisei N
POS, techlemma and C/U mark changed in bombina-2_;L_,t A → bombina-2 N
POS, techlemma and C/U mark changed in bombus_;L_,t A → bombus N
POS, techlemma and C/U mark changed in bonasus_;L_,t A → bonasus N
POS, techlemma and C/U mark changed in borealis_;L_,t A → borealis N
POS, techlemma and C/U mark changed in borin_;L_,t A → borin N
POS, techlemma and C/U mark changed in bovis_;L_,t A → bovis N
POS, techlemma and C/U mark changed in brachycephalum_;L_,t A → brachycephalum N
POS, techlemma and C/U mark changed in brachydactyla_;L_,t A → brachydactyla N
POS, techlemma and C/U mark changed in bracteatum_;L_,t A → bracteatum N
POS, techlemma and C/U mark changed in brandaris_;L_,t A → brandaris N
POS, techlemma and C/U mark changed in brassicae_;L_,t A → brassicae N
POS, techlemma and C/U mark changed in braunii_;L_,t A → braunii N
POS, techlemma and C/U mark changed in brazzavillensis_;L_,t A → brazzavillensis N
POS, techlemma and C/U mark changed in brevifolia_;L_,t A → brevifolia N
POS, techlemma and C/U mark changed in bromius_;L_,t A → bromius N
POS, techlemma and C/U mark changed in bronchiseptica_;L_,t A → bronchiseptica N
POS, techlemma and C/U mark changed in brucei_;L_,t A → brucei N
POS, techlemma and C/U mark changed in brumata_;L_,t A → brumata N
POS, techlemma and C/U mark changed in brunnea_;L_,t A → brunnea N
POS, techlemma and C/U mark changed in bubalis_;L_,t A → bubalis N
POS, techlemma and C/U mark changed in buchnerii_;L_,t A → buchnerii N
POS, techlemma and C/U mark changed in bulbiferum_;L_,t A → bulbiferum N
POS, techlemma and C/U mark changed in bulgaricus_;L_,t A → bulgaricus N
POS, techlemma and C/U mark changed in burchelli_;L_,t A → burchelli N
POS, techlemma and C/U mark changed in burmeisteriana_;L_,t A → burmeisteriana N
POS, techlemma and C/U mark changed in burneti_;L_,t A → burneti N
POS, techlemma and C/U mark changed in buski_;L_,t A → buski N
POS, techlemma and C/U mark changed in buteo-1_;L_,t A → buteo N
POS, techlemma and C/U mark changed in butyracea_;L_,t A → butyracea N
POS, techlemma and C/U mark changed in butyricum_;L_,t A → butyricum N
POS, techlemma and C/U mark changed in byronia_;L_,t A → byronia N
POS, techlemma and C/U mark changed in cablin_;L_,t A → cablin N
POS, techlemma and C/U mark changed in cabrilla_;L_,t A → cabrilla N
POS, techlemma and C/U mark changed in cacao_;L_,t A → cacao N
POS, techlemma and C/U mark changed in cadaverum_;L_,t A → cadaverum N
POS, techlemma and C/U mark changed in caecutiens_;L_,t A → caecutiens N
POS, techlemma and C/U mark changed in caeruleus_;L_,t A → caeruleus N
POS, techlemma and C/U mark changed in caffer_;L_,t A → caffer N
POS, techlemma and C/U mark changed in caja_;L_,t A → caja N
POS, techlemma and C/U mark changed in calabarensis_;L_,t A → calabarensis N
POS, techlemma and C/U mark changed in calamita_;L_,t A → calamita N
POS, techlemma and C/U mark changed in calandra_;L_,t A → calandra N
POS, techlemma and C/U mark changed in calcarata_;L_,t A → calcarata N
POS, techlemma and C/U mark changed in calcarea_;L_,t A → calcarea N
POS, techlemma and C/U mark changed in calopus_;L_,t A → calopus N
POS, techlemma and C/U mark changed in camelopardalis_;L_,t A → camelopardalis N
POS, techlemma and C/U mark changed in camelus_;L_,t A → camelus N
POS, techlemma and C/U mark changed in campechianum_;L_,t A → campechianum N
POS, techlemma and C/U mark changed in campestre_;L_,t A → campestre N
POS, techlemma and C/U mark changed in campestris_;L_,t A → campestris N
POS, techlemma and C/U mark changed in canadensis_;L_,t A → canadensis N
POS, techlemma and C/U mark changed in canaria_;L_,t A → canaria N
POS, techlemma and C/U mark changed in cancroides_;L_,t A → cancroides N
POS, techlemma and C/U mark changed in candida_;L_,t A → candida N
POS, techlemma and C/U mark changed in candidum_;L_,t A → candidum N
POS, techlemma and C/U mark changed in canephora_;L_,t A → canephora N
POS, techlemma and C/U mark changed in canicularis_;L_,t A → canicularis N
POS, techlemma and C/U mark changed in caniculus_;L_,t A → caniculus N
POS, techlemma and C/U mark changed in canina_;L_,t A → canina N
POS, techlemma and C/U mark changed in caninum_;L_,t A → caninum N
POS, techlemma and C/U mark changed in cannabina_;L_,t A → cannabina N
POS, techlemma and C/U mark changed in cannabinus_;L_,t A → cannabinus N
POS, techlemma and C/U mark changed in canorus_;L_,t A → canorus N
POS, techlemma and C/U mark changed in caperatus_;L_,t A → caperatus N
POS, techlemma and C/U mark changed in caprea_;L_,t A → caprea N
POS, techlemma and C/U mark changed in capreolus-2_;L_,t A → capreolus-2 N
POS, techlemma and C/U mark changed in capsularis_;L_,t A → capsularis N
POS, techlemma and C/U mark changed in capsulatum_;L_,t A → capsulatum N
POS, techlemma and C/U mark changed in caracal_;L_,t A → caracal N
POS, techlemma and C/U mark changed in carambola_;L_,t A → carambola N
POS, techlemma and C/U mark changed in carcharias_;L_,t A → carcharias N
POS, techlemma and C/U mark changed in cardamomum_;L_,t A → cardamomum N
POS, techlemma and C/U mark changed in cardiaca_;L_,t A → cardiaca N
POS, techlemma and C/U mark changed in cardinalis-2_;L_,t A → cardinalis-2 N
POS, techlemma and C/U mark changed in cardunculus_;L_,t A → cardunculus N
POS, techlemma and C/U mark changed in carica_;L_,t A → carica N
POS, techlemma and C/U mark changed in carinii_;L_,t A → carinii N
POS, techlemma and C/U mark changed in caripensis_;L_,t A → caripensis N
POS, techlemma and C/U mark changed in carlsbergensis_;L_,t A → carlsbergensis N
POS, techlemma and C/U mark changed in carnaria_;L_,t A → carnaria N
POS, techlemma and C/U mark changed in carnica_;L_,t A → carnica N
POS, techlemma and C/U mark changed in carnosa_;L_,t A → carnosa N
POS, techlemma and C/U mark changed in caroliniana_;L_,t A → caroliniana N
POS, techlemma and C/U mark changed in carteri_;L_,t A → carteri N
POS, techlemma and C/U mark changed in carvi_;L_,t A → carvi N
POS, techlemma and C/U mark changed in caryocatactes_;L_,t A → caryocatactes N
POS, techlemma and C/U mark changed in caryophyllus_;L_,t A → caryophyllus N
POS, techlemma and C/U mark changed in castellani_;L_,t A → castellani N
POS, techlemma and C/U mark changed in casuarius-1_;L_,t A → casuarius-1 N
POS, techlemma and C/U mark changed in catechu_;L_,t A → catechu N
POS, techlemma and C/U mark changed in catta_;L_,t A → catta N
POS, techlemma and C/U mark changed in catus_;L_,t A → catus N
POS, techlemma and C/U mark changed in caucasica_;L_,t A → caucasica N
POS, techlemma and C/U mark changed in caudatus_;L_,t A → caudatus N
POS, techlemma and C/U mark changed in cauliflora_;L_,t A → cauliflora N
POS, techlemma and C/U mark changed in cembra_;L_,t A → cembra N
POS, techlemma and C/U mark changed in cephalonica_;L_,t A → cephalonica N
POS, techlemma and C/U mark changed in cephalophus_;L_,t A → cephalophus N
POS, techlemma and C/U mark changed in cerdo_;L_,t A → cerdo N
POS, techlemma and C/U mark changed in cerefolium_;L_,t A → cerefolium N
POS, techlemma and C/U mark changed in cernua_;L_,t A → cernua N
POS, techlemma and C/U mark changed in cerris_;L_,t A → cerris N
POS, techlemma and C/U mark changed in cervus_;L_,t A → cervus N
POS changed in cetyl A → cetyl N
POS, techlemma and C/U mark changed in chaeopis_;L_,t A → chaeopis N
POS, techlemma and C/U mark changed in chalcedonica_;L_,t A → chalcedonica N
POS, techlemma and C/U mark changed in chalumnae_;L_,t A → chalumnae N
POS, techlemma and C/U mark changed in chamaecyparissus_;L_,t A → chamaecyparissus N
POS, techlemma and C/U mark changed in chamaemorus_;L_,t A → chamaemorus N
POS, techlemma and C/U mark changed in chamomilla_;L_,t A → chamomilla N
POS, techlemma and C/U mark changed in chantinii_;L_,t A → chantinii N
POS, techlemma and C/U mark changed in chauvei_;L_,t A → chauvei N
POS, techlemma and C/U mark changed in cheiri_;L_,t A → cheiri N
POS, techlemma and C/U mark changed in cherimola_;L_,t A → cherimola N
POS, techlemma and C/U mark changed in cherimoli_;L_,t A → cherimoli N
POS, techlemma and C/U mark changed in chinensis_;L_,t A → chinensis N
POS, techlemma and C/U mark changed in cholerae_;L_,t A → cholerae N
POS, techlemma and C/U mark changed in chrysogenum_;L_,t A → chrysogenum N
POS, techlemma and C/U mark changed in cicla_;L_,t A → cicla N
POS changed in cikánsku D → cikánsku N
POS, techlemma and C/U mark changed in comma-1_;L_,t A → comma-1 N
POS, techlemma and C/U mark changed in cultratus_;L_,t A → cultratus N
POS, techlemma and C/U mark changed in dolby_,t N → dolby A
POS changed in domácku D → domácku N
POS, techlemma and C/U mark changed in dál-2 N → dál-3_,s_^(také,_za_další)_(^DD**dále-3) D
POS, techlemma and C/U mark changed in eko A → eko-2 N
POS, techlemma and C/U mark changed in honorabilis_,t_^(ceremoniální_titul_vys._profesora) A → honorabilis N
POS, techlemma and C/U mark changed in huari_,t_^(huari-tiahuanacký) A → huari_^(huari-tiahuanacký) N
POS changed in intrinsický N → intrinsický A
POS changed in Jezeří_;G A → Jezeří_;G N
POS, techlemma and C/U mark changed in kala_;U_^(kala-azar) A → kala-1_^(květina) N
POS, techlemma and C/U mark changed in kardio A → kardio-2 N
POS changed in latritický N → latritický A
POS changed in lauryl A → lauryl N
POS, techlemma and C/U mark changed in live_,t N → live-1 A
POS changed in lutrový N → lutrový A
POS changed in oktyl A → oktyl N
POS changed in poloninský N → poloninský A
POS, techlemma and C/U mark changed in post-2_,t_^(po-,_např._post-traumatický) A → post-3 N
POS, techlemma and C/U mark changed in promo-1_,t D → promo-1 N
POS changed in předhorský N → předhorský A
POS changed in radno A → radno D
POS, techlemma and C/U mark changed in riss_,t_^(riss-würmský) A → riss_^(riss-würmský) N
POS changed in safesový N → safesový A
POS changed in starčevo_^(starčevo-krišský) A → starčevo_^(starčevo-krišský) N
POS changed in trojpředstavení A → trojpředstavení N
POS changed in trollí N → trollí A
POS changed in tupo D → tupo N
POS changed in umpirový N → umpirový A
POS, techlemma and C/U mark changed in williamsii_;L_,t A → williamsii N
POS, techlemma and C/U mark changed in Šoulavý_;S A → Šoulavý_;Y N
